{
  "summary": {
    "recording": "CBA1R8C1",
    "target_freq_hz": 4.363178974948109,
    "model_freq_hz": 4.862250143632772,
    "best_score": 0.17723794562188008,
    "psprate": 340.0,
    "kHAP": 50.0,
    "halflifeHAP": 8.0,
    "kAHP": 0.0,
    "halflifeAHP": 500.0,
    "runtime_s": 1200.0,
    "plot_path": "analysis\\baseline_fit\\cba1r8c1_baseline_compare.png"
  },
  "stage1_top_scores": [
    0.13596724603751398,
    0.17207498673816302,
    0.1761984667737995,
    0.17655594555587248,
    0.20631764793845178
  ],
  "stage2_top_scores": [
    0.1729968183400075,
    0.18104155102286223,
    0.18975591859250568,
    0.19592708497052258,
    0.19797814510977924
  ]
}