{
  "summary": {
    "recording": "MAL11E",
    "target_freq_hz": 5.873899775444512,
    "model_freq_hz": 5.621728681569586,
    "best_score": 0.21564862843683114,
    "psprate": 400.0,
    "kHAP": 50.0,
    "halflifeHAP": 8.0,
    "kAHP": 0.15,
    "halflifeAHP": 300.0,
    "runtime_s": 1200.0,
    "plot_path": "analysis\\baseline_fit\\mal11e_baseline_compare.png"
  },
  "stage1_top_scores": [
    0.19670017295842748,
    0.1997213522457142,
    0.20299229599718616,
    0.2441584621008867,
    0.25097087102642923
  ],
  "stage2_top_scores": [
    0.2086080466625711,
    0.2526511633094749,
    0.25358000155442884,
    0.25511929376544173,
    0.25674354608610295
  ]
}